Joe Anderson,Baby,Black and White,files/BlackandWhite/photo1_Joe.png
Joe Anderson,Building,Black and White,files/BlackandWhite/photo2_Joe.png
Joe Anderson,Flower,Black and White,files/BlackandWhite/photo3_Joe.png
Joe Anderson,Horse,Black and White,files/BlackandWhite/photo4_Joe.png
Pete Sanderson,Mouse,Animals,files/Animals/mouse_Pete.png
Pete Sanderson,Birds,Animals,files/Animals/birds_Pete.png
Pete Sanderson,Cat,Animals,files/Animals/cat_Pete.png
Pete Sanderson,Christmas Dog,Animals,files/Animals/dog_Pete.png
Pete Sanderson,Corgi,Animals,files/Animals/dog2_Pete.png
Pete Sanderson,White Fox,Animals,files/Animals/fox_Pete.png
Mary Major,Iceburg,Water,files/Water/water1_Mary.png
Mary Major,Dolphin,Water,files/Water/water2_Mary.png
Mary Major,Boat,Water,files/Water/water3_Mary.png
Mary Major,Rock,Water,files/Water/water4_Mary.png
Mary Major,Parasol,Water,files/Water/water5_Mary.png
Mary Major,Sailing,Water,files/Water/water6_Mary.png
Mary Major,Shark,Water,files/Water/water7_Mary.png
Sue Kass,Brown,Paintings,files/Paintings/painting1_Sue.png
Sue Kass,Yellow Flower,Paintings,files/Paintings/painting2_Sue.png
Sue Kass,Sapphire,Paintings,files/Paintings/painting3_Sue.png
Sue Kass,Brown Grass,Paintings,files/Paintings/painting4_Sue.png
Sue Kass,Fire,Paintings,files/Paintings/painting5_Sue.png
Sue Kass,White Wood,Paintings,files/Paintings/painting6_Sue.png
Sue Kass,Red Flower,Flowers,files/Flowers/flower1_Sue.png
Sue Kass,Purple Flower,Flowers,files/Flowers/flower2_Sue.png
Sue Kass,Red Bouquet,Flowers,files/Flowers/flower3_Sue.png
Tina Vax,Diversity,Crafts,files/Crafts/pottery1_Tina.png
Tina Vax,Grey Pottery,Crafts,files/Crafts/pottery2_Tina.png
Tina Vax,White Pottery,Crafts,files/Crafts/pottery3_Tina.png
Tina Vax,Rainbow Pottery,Crafts,files/Crafts/pottery4_Tina.png
Tina Vax,White and Blue,Crafts,files/Crafts/pottery5_Tina.png
Alan Doyle,Sunflower,Flowers,files/Flowers/flower1_Alan.png
Alan Doyle,Sunflower Bouquet,Flowers,files/Flowers/flower2_Alan.png
Alan Doyle,Pink Flower,Flowers,files/Flowers/flower3_Alan.png
Alan Doyle,White Bouquet,Flowers,files/Flowers/flower4_Alan.png
Alan Doyle,Pink Bouquet,Flowers,files/Flowers/flower5_Alan.png
Alan Doyle,White Flower,Flowers,files/Flowers/flower6_Alan.png
Carl Palmer,Flower Textile,Crafts,files/Crafts/textile1_Carl.png
Carl Palmer,White Pink,Crafts,files/Crafts/textile2_Carl.png
Carl Palmer,Three Colour,Crafts,files/Crafts/textile3_Carl.png
Carl Palmer,Rainbow Textile,Crafts,files/Crafts/textile4_Carl.png
Carl Palmer,World,Crafts,files/Crafts/textile5_Carl.png
Carl Palmer,Bracelets,Crafts,files/Crafts/textile6_Carl.png
Jane Lester,Purple,Paintings,files/Paintings/painting1_Jane.png
Jane Lester,Palette,Paintings,files/Paintings/painting2_Jane.png
Jane Lester,Orange Wall,Paintings,files/Paintings/painting3_Jane.png
Jane Lester,Sunset,Paintings,files/Paintings/painting4_Jane.png
Jane Lester,Sky,Paintings,files/Paintings/painting5_Jane.png
Jane Lester,Yellow Wall,Paintings,files/Paintings/painting6_Jane.png,,,
,,,
